display_name,email
Tharindu Weerasinghe,sample001@choner.test
Hiruni Johnson,sample002@choner.test
Priya Gunasekara,sample003@choner.test
Rahul Nair,sample004@choner.test
Daniel Hassan,sample005@choner.test
Ava Dissanayake,sample006@choner.test
Omar Tan,sample007@choner.test
Kasun Osman,sample008@choner.test
Dilini Amarasinghe,sample009@choner.test
Arjun Smith,sample010@choner.test
Divya Jayawardena,sample011@choner.test
Aiko Patel,sample012@choner.test
Noah Anderson,sample013@choner.test
Mia Rajapaksa,sample014@choner.test
Dilhan Chen,sample015@choner.test
Sachini Farah,sample016@choner.test
Gayathri Ratnayake,sample017@choner.test
Karthik Ng,sample018@choner.test
Hana Silva,sample019@choner.test
Olivia Sharma,sample020@choner.test
Lucas Taylor,sample021@choner.test
Chamara Wickramasinghe,sample022@choner.test
Nethmi Iyer,sample023@choner.test
Piumi Khan,sample024@choner.test
Ananya Senanayake,sample025@choner.test
Jun Wong,sample026@choner.test
James Fernando,sample027@choner.test
Isabella Kumara,sample028@choner.test
Ruwan Brown,sample029@choner.test
Amaya Bandara,sample030@choner.test
Nadeesha Reddy,sample031@choner.test
Vikram Ali,sample032@choner.test
Mei Herath,sample033@choner.test
Emma Lim,sample034@choner.test
Ethan Perera,sample035@choner.test
Saman Weerasinghe,sample036@choner.test
Isuru Johnson,sample037@choner.test
Ishara Gunasekara,sample038@choner.test
Meera Nair,sample039@choner.test
Wei Hassan,sample040@choner.test
Michael Dissanayake,sample041@choner.test
Sophia Tan,sample042@choner.test
Kamal Osman,sample043@choner.test
Sanjaya Amarasinghe,sample044@choner.test
Tharushi Smith,sample045@choner.test
Rohan Jayawardena,sample046@choner.test
Shreya Patel,sample047@choner.test
Sarah Anderson,sample048@choner.test
Liam Rajapaksa,sample049@choner.test
Nimal Chen,sample050@choner.test
Tharindu Farah,sample051@choner.test
Hiruni Ratnayake,sample052@choner.test
Priya Ng,sample053@choner.test
Rahul Silva,sample054@choner.test
Daniel Sharma,sample055@choner.test
Ava Taylor,sample056@choner.test
Omar Wickramasinghe,sample057@choner.test
Kasun Iyer,sample058@choner.test
Dilini Khan,sample059@choner.test
Arjun Senanayake,sample060@choner.test
Divya Wong,sample061@choner.test
Aiko Fernando,sample062@choner.test
Noah Kumara,sample063@choner.test
Mia Brown,sample064@choner.test
Dilhan Bandara,sample065@choner.test
Sachini Reddy,sample066@choner.test
Gayathri Ali,sample067@choner.test
Karthik Herath,sample068@choner.test
Hana Lim,sample069@choner.test
Olivia Perera,sample070@choner.test
Lucas Weerasinghe,sample071@choner.test
Chamara Johnson,sample072@choner.test
Nethmi Gunasekara,sample073@choner.test
Piumi Nair,sample074@choner.test
Ananya Hassan,sample075@choner.test
Jun Dissanayake,sample076@choner.test
James Tan,sample077@choner.test
Isabella Osman,sample078@choner.test
Ruwan Amarasinghe,sample079@choner.test
Amaya Smith,sample080@choner.test
Nadeesha Jayawardena,sample081@choner.test
Vikram Patel,sample082@choner.test
Mei Anderson,sample083@choner.test
Emma Rajapaksa,sample084@choner.test
Ethan Chen,sample085@choner.test
Saman Farah,sample086@choner.test
Isuru Ratnayake,sample087@choner.test
Ishara Ng,sample088@choner.test
Meera Silva,sample089@choner.test
Wei Sharma,sample090@choner.test
Michael Taylor,sample091@choner.test
Sophia Wickramasinghe,sample092@choner.test
Kamal Iyer,sample093@choner.test
Sanjaya Khan,sample094@choner.test
Tharushi Senanayake,sample095@choner.test
Rohan Wong,sample096@choner.test
Shreya Fernando,sample097@choner.test
Sarah Kumara,sample098@choner.test
Liam Brown,sample099@choner.test
Nimal Bandara,sample100@choner.test
Tharindu Reddy,sample101@choner.test
Hiruni Ali,sample102@choner.test
Priya Herath,sample103@choner.test
Rahul Lim,sample104@choner.test
Daniel Perera,sample105@choner.test
Ava Weerasinghe,sample106@choner.test
Omar Johnson,sample107@choner.test
Kasun Gunasekara,sample108@choner.test
Dilini Nair,sample109@choner.test
Arjun Hassan,sample110@choner.test
Divya Dissanayake,sample111@choner.test
Aiko Tan,sample112@choner.test
Noah Osman,sample113@choner.test
Mia Amarasinghe,sample114@choner.test
Dilhan Smith,sample115@choner.test
Sachini Jayawardena,sample116@choner.test
Gayathri Patel,sample117@choner.test
Karthik Anderson,sample118@choner.test
Hana Rajapaksa,sample119@choner.test
Olivia Chen,sample120@choner.test
Lucas Farah,sample121@choner.test
Chamara Ratnayake,sample122@choner.test
Nethmi Ng,sample123@choner.test
Piumi Silva,sample124@choner.test
Ananya Sharma,sample125@choner.test
Jun Taylor,sample126@choner.test
James Wickramasinghe,sample127@choner.test
Isabella Iyer,sample128@choner.test
Ruwan Khan,sample129@choner.test
Amaya Senanayake,sample130@choner.test
Nadeesha Wong,sample131@choner.test
Vikram Fernando,sample132@choner.test
Mei Kumara,sample133@choner.test
Emma Brown,sample134@choner.test
Ethan Bandara,sample135@choner.test
Saman Reddy,sample136@choner.test
Isuru Ali,sample137@choner.test
Ishara Herath,sample138@choner.test
Meera Lim,sample139@choner.test
Wei Perera,sample140@choner.test
Michael Weerasinghe,sample141@choner.test
Sophia Johnson,sample142@choner.test
Kamal Gunasekara,sample143@choner.test
Sanjaya Nair,sample144@choner.test
Tharushi Hassan,sample145@choner.test
Rohan Dissanayake,sample146@choner.test
Shreya Tan,sample147@choner.test
Sarah Osman,sample148@choner.test
Liam Amarasinghe,sample149@choner.test
Nimal Smith,sample150@choner.test
Tharindu Jayawardena,sample151@choner.test
Hiruni Patel,sample152@choner.test
Priya Anderson,sample153@choner.test
Rahul Rajapaksa,sample154@choner.test
Daniel Chen,sample155@choner.test
Ava Farah,sample156@choner.test
Omar Ratnayake,sample157@choner.test
Kasun Ng,sample158@choner.test
Dilini Silva,sample159@choner.test
Arjun Sharma,sample160@choner.test
Divya Taylor,sample161@choner.test
Aiko Wickramasinghe,sample162@choner.test
Noah Iyer,sample163@choner.test
Mia Khan,sample164@choner.test
Dilhan Senanayake,sample165@choner.test
Sachini Wong,sample166@choner.test
Gayathri Fernando,sample167@choner.test
Karthik Kumara,sample168@choner.test
Hana Brown,sample169@choner.test
Olivia Bandara,sample170@choner.test
Lucas Reddy,sample171@choner.test
Chamara Ali,sample172@choner.test
Nethmi Herath,sample173@choner.test
Piumi Lim,sample174@choner.test
Ananya Perera,sample175@choner.test
Jun Weerasinghe,sample176@choner.test
James Johnson,sample177@choner.test
Isabella Gunasekara,sample178@choner.test
Ruwan Nair,sample179@choner.test
Amaya Hassan,sample180@choner.test
Nadeesha Dissanayake,sample181@choner.test
Vikram Tan,sample182@choner.test
Mei Osman,sample183@choner.test
Emma Amarasinghe,sample184@choner.test
Ethan Smith,sample185@choner.test
Saman Jayawardena,sample186@choner.test
Isuru Patel,sample187@choner.test
Ishara Anderson,sample188@choner.test
Meera Rajapaksa,sample189@choner.test
Wei Chen,sample190@choner.test
Michael Farah,sample191@choner.test
Sophia Ratnayake,sample192@choner.test
Kamal Ng,sample193@choner.test
Sanjaya Silva,sample194@choner.test
Tharushi Sharma,sample195@choner.test
Rohan Taylor,sample196@choner.test
Shreya Wickramasinghe,sample197@choner.test
Sarah Iyer,sample198@choner.test
Liam Khan,sample199@choner.test
Nimal Senanayake,sample200@choner.test
Tharindu Wong,sample201@choner.test
Hiruni Fernando,sample202@choner.test
Priya Kumara,sample203@choner.test
Rahul Brown,sample204@choner.test
Daniel Bandara,sample205@choner.test
Ava Reddy,sample206@choner.test
Omar Ali,sample207@choner.test
Kasun Herath,sample208@choner.test
Dilini Lim,sample209@choner.test
Arjun Perera,sample210@choner.test
Divya Weerasinghe,sample211@choner.test
Aiko Johnson,sample212@choner.test
Noah Gunasekara,sample213@choner.test
Mia Nair,sample214@choner.test
Dilhan Hassan,sample215@choner.test
Sachini Dissanayake,sample216@choner.test
Gayathri Tan,sample217@choner.test
Karthik Osman,sample218@choner.test
Hana Amarasinghe,sample219@choner.test
Olivia Smith,sample220@choner.test
Lucas Jayawardena,sample221@choner.test
Chamara Patel,sample222@choner.test
Nethmi Anderson,sample223@choner.test
Piumi Rajapaksa,sample224@choner.test
Ananya Chen,sample225@choner.test
Jun Farah,sample226@choner.test
James Ratnayake,sample227@choner.test
Isabella Ng,sample228@choner.test
Ruwan Silva,sample229@choner.test
Amaya Sharma,sample230@choner.test
Nadeesha Taylor,sample231@choner.test
Vikram Wickramasinghe,sample232@choner.test
Mei Iyer,sample233@choner.test
Emma Khan,sample234@choner.test
Ethan Senanayake,sample235@choner.test
Saman Wong,sample236@choner.test
Isuru Fernando,sample237@choner.test
Ishara Kumara,sample238@choner.test
Meera Brown,sample239@choner.test
Wei Bandara,sample240@choner.test
Michael Reddy,sample241@choner.test
Sophia Ali,sample242@choner.test
Kamal Herath,sample243@choner.test
Sanjaya Lim,sample244@choner.test
Tharushi Perera,sample245@choner.test
Rohan Weerasinghe,sample246@choner.test
Shreya Johnson,sample247@choner.test
Sarah Gunasekara,sample248@choner.test
Liam Nair,sample249@choner.test
Nimal Hassan,sample250@choner.test
Tharindu Dissanayake,sample251@choner.test
Hiruni Tan,sample252@choner.test
Priya Osman,sample253@choner.test
Rahul Amarasinghe,sample254@choner.test
Daniel Smith,sample255@choner.test
Ava Jayawardena,sample256@choner.test
Omar Patel,sample257@choner.test
Kasun Anderson,sample258@choner.test
Dilini Rajapaksa,sample259@choner.test
Arjun Chen,sample260@choner.test
Divya Farah,sample261@choner.test
Aiko Ratnayake,sample262@choner.test
Noah Ng,sample263@choner.test
Mia Silva,sample264@choner.test
Dilhan Sharma,sample265@choner.test
Sachini Taylor,sample266@choner.test
Gayathri Wickramasinghe,sample267@choner.test
Karthik Iyer,sample268@choner.test
Hana Khan,sample269@choner.test
Olivia Senanayake,sample270@choner.test
Lucas Wong,sample271@choner.test
Chamara Fernando,sample272@choner.test
Nethmi Kumara,sample273@choner.test
Piumi Brown,sample274@choner.test
Ananya Bandara,sample275@choner.test
Jun Reddy,sample276@choner.test
James Ali,sample277@choner.test
Isabella Herath,sample278@choner.test
Ruwan Lim,sample279@choner.test
Amaya Perera,sample280@choner.test
Nadeesha Weerasinghe,sample281@choner.test
Vikram Johnson,sample282@choner.test
Mei Gunasekara,sample283@choner.test
Emma Nair,sample284@choner.test
Ethan Hassan,sample285@choner.test
Saman Dissanayake,sample286@choner.test
Isuru Tan,sample287@choner.test
Ishara Osman,sample288@choner.test
Meera Amarasinghe,sample289@choner.test
Wei Smith,sample290@choner.test
Michael Jayawardena,sample291@choner.test
Sophia Patel,sample292@choner.test
Kamal Anderson,sample293@choner.test
Sanjaya Rajapaksa,sample294@choner.test
Tharushi Chen,sample295@choner.test
Rohan Farah,sample296@choner.test
Shreya Ratnayake,sample297@choner.test
Sarah Ng,sample298@choner.test
Liam Silva,sample299@choner.test
Nimal Sharma,sample300@choner.test
Tharindu Taylor,sample301@choner.test
Hiruni Wickramasinghe,sample302@choner.test
Priya Iyer,sample303@choner.test
Rahul Khan,sample304@choner.test
Daniel Senanayake,sample305@choner.test
Ava Wong,sample306@choner.test
Omar Fernando,sample307@choner.test
Kasun Kumara,sample308@choner.test
Dilini Brown,sample309@choner.test
Arjun Bandara,sample310@choner.test
Divya Reddy,sample311@choner.test
Aiko Ali,sample312@choner.test
Noah Herath,sample313@choner.test
Mia Lim,sample314@choner.test
Dilhan Perera,sample315@choner.test
Sachini Weerasinghe,sample316@choner.test
Gayathri Johnson,sample317@choner.test
Karthik Gunasekara,sample318@choner.test
Hana Nair,sample319@choner.test
Olivia Hassan,sample320@choner.test
Lucas Dissanayake,sample321@choner.test
Chamara Tan,sample322@choner.test
Nethmi Osman,sample323@choner.test
Piumi Amarasinghe,sample324@choner.test
Ananya Smith,sample325@choner.test
Jun Jayawardena,sample326@choner.test
James Patel,sample327@choner.test
Isabella Anderson,sample328@choner.test
Ruwan Rajapaksa,sample329@choner.test
Amaya Chen,sample330@choner.test
Nadeesha Farah,sample331@choner.test
Vikram Ratnayake,sample332@choner.test
Mei Ng,sample333@choner.test
Emma Silva,sample334@choner.test
Ethan Sharma,sample335@choner.test
Saman Taylor,sample336@choner.test
Isuru Wickramasinghe,sample337@choner.test
Ishara Iyer,sample338@choner.test
Meera Khan,sample339@choner.test
Wei Senanayake,sample340@choner.test
Michael Wong,sample341@choner.test
Sophia Fernando,sample342@choner.test
Kamal Kumara,sample343@choner.test
Sanjaya Brown,sample344@choner.test
Tharushi Bandara,sample345@choner.test
Rohan Reddy,sample346@choner.test
Shreya Ali,sample347@choner.test
Sarah Herath,sample348@choner.test
Liam Lim,sample349@choner.test
Nimal Perera,sample350@choner.test
Tharindu Weerasinghe,sample351@choner.test
Hiruni Johnson,sample352@choner.test
Priya Gunasekara,sample353@choner.test
Rahul Nair,sample354@choner.test
Daniel Hassan,sample355@choner.test
Ava Dissanayake,sample356@choner.test
Omar Tan,sample357@choner.test
Kasun Osman,sample358@choner.test
Dilini Amarasinghe,sample359@choner.test
Arjun Smith,sample360@choner.test
Divya Jayawardena,sample361@choner.test
Aiko Patel,sample362@choner.test
Noah Anderson,sample363@choner.test
Mia Rajapaksa,sample364@choner.test
Dilhan Chen,sample365@choner.test
Sachini Farah,sample366@choner.test
Gayathri Ratnayake,sample367@choner.test
Karthik Ng,sample368@choner.test
Hana Silva,sample369@choner.test
Olivia Sharma,sample370@choner.test
Lucas Taylor,sample371@choner.test
Chamara Wickramasinghe,sample372@choner.test
Nethmi Iyer,sample373@choner.test
Piumi Khan,sample374@choner.test
Ananya Senanayake,sample375@choner.test
Jun Wong,sample376@choner.test
James Fernando,sample377@choner.test
Isabella Kumara,sample378@choner.test
Ruwan Brown,sample379@choner.test
Amaya Bandara,sample380@choner.test
Nadeesha Reddy,sample381@choner.test
Vikram Ali,sample382@choner.test
Mei Herath,sample383@choner.test
Emma Lim,sample384@choner.test
Ethan Perera,sample385@choner.test
Saman Weerasinghe,sample386@choner.test
Isuru Johnson,sample387@choner.test
Ishara Gunasekara,sample388@choner.test
Meera Nair,sample389@choner.test
Wei Hassan,sample390@choner.test
Michael Dissanayake,sample391@choner.test
Sophia Tan,sample392@choner.test
Kamal Osman,sample393@choner.test
Sanjaya Amarasinghe,sample394@choner.test
Tharushi Smith,sample395@choner.test
Rohan Jayawardena,sample396@choner.test
Shreya Patel,sample397@choner.test
Sarah Anderson,sample398@choner.test
Liam Rajapaksa,sample399@choner.test
Nimal Chen,sample400@choner.test
Tharindu Farah,sample401@choner.test
Hiruni Ratnayake,sample402@choner.test
Priya Ng,sample403@choner.test
Rahul Silva,sample404@choner.test
Daniel Sharma,sample405@choner.test
Ava Taylor,sample406@choner.test
Omar Wickramasinghe,sample407@choner.test
Kasun Iyer,sample408@choner.test
Dilini Khan,sample409@choner.test
Arjun Senanayake,sample410@choner.test
Divya Wong,sample411@choner.test
Aiko Fernando,sample412@choner.test
Noah Kumara,sample413@choner.test
Mia Brown,sample414@choner.test
Dilhan Bandara,sample415@choner.test
Sachini Reddy,sample416@choner.test
Gayathri Ali,sample417@choner.test
Karthik Herath,sample418@choner.test
Hana Lim,sample419@choner.test
Olivia Perera,sample420@choner.test
Lucas Weerasinghe,sample421@choner.test
Chamara Johnson,sample422@choner.test
Nethmi Gunasekara,sample423@choner.test
Piumi Nair,sample424@choner.test
Ananya Hassan,sample425@choner.test
Jun Dissanayake,sample426@choner.test
James Tan,sample427@choner.test
Isabella Osman,sample428@choner.test
Ruwan Amarasinghe,sample429@choner.test
Amaya Smith,sample430@choner.test
Nadeesha Jayawardena,sample431@choner.test
Vikram Patel,sample432@choner.test
Mei Anderson,sample433@choner.test
Emma Rajapaksa,sample434@choner.test
Ethan Chen,sample435@choner.test
Saman Farah,sample436@choner.test
Isuru Ratnayake,sample437@choner.test
Ishara Ng,sample438@choner.test
Meera Silva,sample439@choner.test
Wei Sharma,sample440@choner.test
Michael Taylor,sample441@choner.test
Sophia Wickramasinghe,sample442@choner.test
Kamal Iyer,sample443@choner.test
Sanjaya Khan,sample444@choner.test
Tharushi Senanayake,sample445@choner.test
Rohan Wong,sample446@choner.test
Shreya Fernando,sample447@choner.test
Sarah Kumara,sample448@choner.test
Liam Brown,sample449@choner.test
Nimal Bandara,sample450@choner.test
Tharindu Reddy,sample451@choner.test
Hiruni Ali,sample452@choner.test
Priya Herath,sample453@choner.test
Rahul Lim,sample454@choner.test
Daniel Perera,sample455@choner.test
Ava Weerasinghe,sample456@choner.test
Omar Johnson,sample457@choner.test
Kasun Gunasekara,sample458@choner.test
Dilini Nair,sample459@choner.test
Arjun Hassan,sample460@choner.test
Divya Dissanayake,sample461@choner.test
Aiko Tan,sample462@choner.test
Noah Osman,sample463@choner.test
Mia Amarasinghe,sample464@choner.test
Dilhan Smith,sample465@choner.test
Sachini Jayawardena,sample466@choner.test
Gayathri Patel,sample467@choner.test
Karthik Anderson,sample468@choner.test
Hana Rajapaksa,sample469@choner.test
Olivia Chen,sample470@choner.test
Lucas Farah,sample471@choner.test
Chamara Ratnayake,sample472@choner.test
Nethmi Ng,sample473@choner.test
Piumi Silva,sample474@choner.test
Ananya Sharma,sample475@choner.test
Jun Taylor,sample476@choner.test
James Wickramasinghe,sample477@choner.test
Isabella Iyer,sample478@choner.test
Ruwan Khan,sample479@choner.test
Amaya Senanayake,sample480@choner.test
Nadeesha Wong,sample481@choner.test
Vikram Fernando,sample482@choner.test
Mei Kumara,sample483@choner.test
Emma Brown,sample484@choner.test
Ethan Bandara,sample485@choner.test
Saman Reddy,sample486@choner.test
Isuru Ali,sample487@choner.test
Ishara Herath,sample488@choner.test
Meera Lim,sample489@choner.test
Wei Perera,sample490@choner.test
Michael Weerasinghe,sample491@choner.test
Sophia Johnson,sample492@choner.test
Kamal Gunasekara,sample493@choner.test
Sanjaya Nair,sample494@choner.test
Tharushi Hassan,sample495@choner.test
Rohan Dissanayake,sample496@choner.test
Shreya Tan,sample497@choner.test
Sarah Osman,sample498@choner.test
Liam Amarasinghe,sample499@choner.test
Nimal Smith,sample500@choner.test
